{
  "config": {
    "fractions": [
      0.0,
      0.1,
      0.25,
      0.5,
      0.75,
      0.9,
      1.0
    ],
    "n_datasets_per_fraction": 3,
    "n_samples": 200,
    "max_rounds": 20,
    "n_restarts": 6,
    "depth_eml": 2,
    "depth_dt": 2,
    "elapsed_seconds": 3360.4067118167877
  },
  "result": {
    "fractions": [
      0.0,
      0.1,
      0.25,
      0.5,
      0.75,
      0.9,
      1.0
    ],
    "eml_win_rates": [
      0.18333333333333332,
      0.15,
      0.2,
      0.1,
      0.11666666666666667,
      0.06666666666666667,
      0.06666666666666667
    ],
    "per_fraction_round_counts": [
      60,
      60,
      60,
      60,
      60,
      60,
      60
    ]
  }
}