{
  "config": {
    "fractions": [
      0.0,
      0.25,
      0.5,
      0.75,
      1.0
    ],
    "n_datasets_per_fraction": 2,
    "n_samples": 200,
    "max_rounds": 15,
    "n_restarts": 6,
    "depth_eml": 2,
    "depth_dt": 2,
    "elapsed_seconds": 3196.7247955799103
  },
  "result": {
    "fractions": [
      0.0,
      0.25,
      0.5,
      0.75,
      1.0
    ],
    "eml_win_rates": [
      0.1,
      0.13333333333333333,
      0.13333333333333333,
      0.16666666666666666,
      0.06666666666666667
    ],
    "per_fraction_round_counts": [
      30,
      30,
      30,
      30,
      30
    ],
    "eml_coverages": [
      0.8741486435926874,
      0.8924477790269778,
      0.9320595534854552,
      0.8819054169477651,
      0.9841534815103856
    ],
    "hybrid_test_mse": [
      0.8892425192352869,
      0.40702139547730587,
      0.23715518881061823,
      0.08015741629793532,
      0.019193405300440596
    ],
    "dt_only_test_mse": [
      1.3435905085450126,
      0.8436785813964953,
      0.48149998213179446,
      0.179557669010581,
      0.054470518612328996
    ],
    "dt_improvement": [
      0.3381595705091306,
      0.5175634365357653,
      0.5074658408903014,
      0.5535840003959296,
      0.6476368173205476
    ]
  }
}