{
  "config": {
    "fractions": [
      0.0,
      0.25,
      0.5,
      0.75,
      1.0
    ],
    "n_datasets_per_fraction": 2,
    "n_samples": 200,
    "max_rounds": 15,
    "n_restarts": 6,
    "depth_eml": 2,
    "depth_dt": 2,
    "elapsed_seconds": 3099.1600227355957
  },
  "result": {
    "fractions": [
      0.0,
      0.25,
      0.5,
      0.75,
      1.0
    ],
    "eml_win_rates": [
      0.0,
      0.0,
      0.06666666666666667,
      0.1,
      0.06666666666666667
    ],
    "per_fraction_round_counts": [
      30,
      30,
      30,
      30,
      30
    ],
    "eml_coverages": [
      2.3320234632251413e-13,
      4.2427172886050357e-13,
      0.030977068829774024,
      0.30488230923647613,
      0.9778358513949144
    ],
    "hybrid_test_mse": [
      1.6112717307434248,
      1.0965938911326096,
      0.6881667145319736,
      0.1328495811939632,
      0.007666524605239471
    ],
    "dt_only_test_mse": [
      1.3435905085450126,
      0.8436785813964953,
      0.48149998213179446,
      0.179557669010581,
      0.054470518612328996
    ],
    "dt_improvement": [
      -0.19922827713950353,
      -0.2997768525988622,
      -0.4292144134360758,
      0.2601286153579182,
      0.8592536880398967
    ],
    "xgboost_test_mse": [
      1.3566212151572672,
      0.8714500150733899,
      0.49189561654802316,
      0.18206899825779282,
      0.05807845518084777
    ],
    "xgb_improvement": [
      -0.18770937144502575,
      -0.25835546751382976,
      -0.39900965038339353,
      0.27033387086657934,
      0.8679970983841248
    ]
  }
}