dataset,n_samples,n_features,split_boost_rmse,lightgbm_rmse,xgboost_rmse,split_boost_time,lightgbm_time,xgboost_time,split_boost_vs_xgb_ratio,n_rounds_hybrid
192_vineyard,52,2,2.3940507269875555,2.394869161744873,3.031196594024718,0.40358543395996094,0.17950057983398438,0.20340299606323242,0.7898038456848547,16
210_cloud,108,5,0.7460522918663641,0.7733878259954807,0.6548276624528223,0.6862566471099854,0.177809476852417,0.19476056098937988,1.1393108975754582,36
523_analcatdata_neavote,100,2,0.71255130741443,0.7221038321376677,0.7684598681048703,0.0860908031463623,0.16665339469909668,0.07676458358764648,0.9272459590787496,44
557_analcatdata_apnea1,475,3,1335.0477950043476,1375.5552991656334,1137.8163504544639,7.493051767349243,0.21161556243896484,0.19853925704956055,1.173342072708927,200
529_pollen,3848,4,1.5553158516060908,1.599968513119871,1.611287235328607,7.13269567489624,0.28789734840393066,0.26723194122314453,0.9652629385405009,84
562_cpu_small,8192,12,2.511773727190604,3.0734499244078286,3.087876827954788,16.671658992767334,0.37950801849365234,0.24425530433654785,0.8134306732870049,200
564_fried,40768,10,1.081636672943876,1.0716926531027002,1.0767128856148442,29.76889657974243,0.4684731960296631,0.24726653099060059,1.0045729807777122,161
