{
  "config": {
    "max_rounds": 200,
    "depth": 6,
    "learning_rate": 0.1,
    "n_eml_candidates": 10,
    "k_eml": 3,
    "n_bins": 256,
    "test_size": 0.2,
    "seed": 0
  },
  "results": {
    "192_vineyard": {
      "n_samples": 52,
      "n_features": 2,
      "split_boost_rmse": 2.3940507269875555,
      "lightgbm_rmse": 2.394869161744873,
      "xgboost_rmse": 3.031196594024718,
      "split_boost_time": 0.001505136489868164,
      "lightgbm_time": 0.2376554012298584,
      "xgboost_time": 0.34798765182495117,
      "split_boost_vs_xgb_ratio": 0.7898038456848547,
      "n_rounds_hybrid": 16
    },
    "210_cloud": {
      "n_samples": 108,
      "n_features": 5,
      "split_boost_rmse": 1.0752512444312772,
      "lightgbm_rmse": 0.7733878259954807,
      "xgboost_rmse": 0.6548276624528223,
      "split_boost_time": 0.33307838439941406,
      "lightgbm_time": 0.18704676628112793,
      "xgboost_time": 0.1909644603729248,
      "split_boost_vs_xgb_ratio": 1.6420369909292656,
      "n_rounds_hybrid": 16
    },
    "523_analcatdata_neavote": {
      "n_samples": 100,
      "n_features": 2,
      "split_boost_rmse": 0.6994306503799453,
      "lightgbm_rmse": 0.7221038321376677,
      "xgboost_rmse": 0.7684598681048703,
      "split_boost_time": 0.06390810012817383,
      "lightgbm_time": 0.16380071640014648,
      "xgboost_time": 0.12929677963256836,
      "split_boost_vs_xgb_ratio": 0.9101719938932391,
      "n_rounds_hybrid": 44
    },
    "557_analcatdata_apnea1": {
      "n_samples": 475,
      "n_features": 3,
      "split_boost_rmse": 1343.0912808978794,
      "lightgbm_rmse": 1375.555298878069,
      "xgboost_rmse": 1137.8163504544639,
      "split_boost_time": 2.8942553997039795,
      "lightgbm_time": 0.21065521240234375,
      "xgboost_time": 0.14412856101989746,
      "split_boost_vs_xgb_ratio": 1.1804113030731411,
      "n_rounds_hybrid": 200
    },
    "529_pollen": {
      "n_samples": 3848,
      "n_features": 4,
      "split_boost_rmse": 1.772068535736921,
      "lightgbm_rmse": 1.5999685136042234,
      "xgboost_rmse": 1.611287235328607,
      "split_boost_time": 2.36057186126709,
      "lightgbm_time": 0.2857229709625244,
      "xgboost_time": 0.21027779579162598,
      "split_boost_vs_xgb_ratio": 1.0997843816316986,
      "n_rounds_hybrid": 37
    },
    "562_cpu_small": {
      "n_samples": 8192,
      "n_features": 12,
      "split_boost_rmse": 3.104184773879814,
      "lightgbm_rmse": 3.07345278172349,
      "xgboost_rmse": 3.087876827954788,
      "split_boost_time": 2.923389434814453,
      "lightgbm_time": 0.32701587677001953,
      "xgboost_time": 0.22391724586486816,
      "split_boost_vs_xgb_ratio": 1.0052812812277319,
      "n_rounds_hybrid": 48
    },
    "564_fried": {
      "n_samples": 40768,
      "n_features": 10,
      "split_boost_rmse": 1.0836854340074775,
      "lightgbm_rmse": 1.071721597412621,
      "xgboost_rmse": 1.0767128856148442,
      "split_boost_time": 39.18520140647888,
      "lightgbm_time": 0.47216272354125977,
      "xgboost_time": 0.33709216117858887,
      "split_boost_vs_xgb_ratio": 1.0064757731478728,
      "n_rounds_hybrid": 152
    }
  }
}