{
  "config": {
    "max_rounds": 200,
    "depth": 6,
    "learning_rate": 0.1,
    "n_eml_candidates": 10,
    "k_eml": 3,
    "n_bins": 256,
    "test_size": 0.2,
    "seed": 0
  },
  "results": {
    "192_vineyard": {
      "n_samples": 52,
      "n_features": 2,
      "split_boost_rmse": 2.3940507269875555,
      "lightgbm_rmse": 2.394869161744873,
      "xgboost_rmse": 3.031196594024718,
      "split_boost_time": 0.40358543395996094,
      "lightgbm_time": 0.17950057983398438,
      "xgboost_time": 0.20340299606323242,
      "split_boost_vs_xgb_ratio": 0.7898038456848547,
      "n_rounds_hybrid": 16
    },
    "210_cloud": {
      "n_samples": 108,
      "n_features": 5,
      "split_boost_rmse": 0.7460522918663641,
      "lightgbm_rmse": 0.7733878259954807,
      "xgboost_rmse": 0.6548276624528223,
      "split_boost_time": 0.6862566471099854,
      "lightgbm_time": 0.177809476852417,
      "xgboost_time": 0.19476056098937988,
      "split_boost_vs_xgb_ratio": 1.1393108975754582,
      "n_rounds_hybrid": 36
    },
    "523_analcatdata_neavote": {
      "n_samples": 100,
      "n_features": 2,
      "split_boost_rmse": 0.71255130741443,
      "lightgbm_rmse": 0.7221038321376677,
      "xgboost_rmse": 0.7684598681048703,
      "split_boost_time": 0.0860908031463623,
      "lightgbm_time": 0.16665339469909668,
      "xgboost_time": 0.07676458358764648,
      "split_boost_vs_xgb_ratio": 0.9272459590787496,
      "n_rounds_hybrid": 44
    },
    "557_analcatdata_apnea1": {
      "n_samples": 475,
      "n_features": 3,
      "split_boost_rmse": 1335.0477950043476,
      "lightgbm_rmse": 1375.5552991656334,
      "xgboost_rmse": 1137.8163504544639,
      "split_boost_time": 7.493051767349243,
      "lightgbm_time": 0.21161556243896484,
      "xgboost_time": 0.19853925704956055,
      "split_boost_vs_xgb_ratio": 1.173342072708927,
      "n_rounds_hybrid": 200
    },
    "529_pollen": {
      "n_samples": 3848,
      "n_features": 4,
      "split_boost_rmse": 1.5553158516060908,
      "lightgbm_rmse": 1.599968513119871,
      "xgboost_rmse": 1.611287235328607,
      "split_boost_time": 7.13269567489624,
      "lightgbm_time": 0.28789734840393066,
      "xgboost_time": 0.26723194122314453,
      "split_boost_vs_xgb_ratio": 0.9652629385405009,
      "n_rounds_hybrid": 84
    },
    "562_cpu_small": {
      "n_samples": 8192,
      "n_features": 12,
      "split_boost_rmse": 2.511773727190604,
      "lightgbm_rmse": 3.0734499244078286,
      "xgboost_rmse": 3.087876827954788,
      "split_boost_time": 16.671658992767334,
      "lightgbm_time": 0.37950801849365234,
      "xgboost_time": 0.24425530433654785,
      "split_boost_vs_xgb_ratio": 0.8134306732870049,
      "n_rounds_hybrid": 200
    },
    "564_fried": {
      "n_samples": 40768,
      "n_features": 10,
      "split_boost_rmse": 1.081636672943876,
      "lightgbm_rmse": 1.0716926531027002,
      "xgboost_rmse": 1.0767128856148442,
      "split_boost_time": 29.76889657974243,
      "lightgbm_time": 0.4684731960296631,
      "xgboost_time": 0.24726653099060059,
      "split_boost_vs_xgb_ratio": 1.0045729807777122,
      "n_rounds_hybrid": 161
    }
  }
}