{
  "config": {
    "max_rounds": 200,
    "depth": 6,
    "learning_rate": 0.1,
    "n_eml_candidates": 10,
    "k_eml": 3,
    "n_bins": 256,
    "test_size": 0.2,
    "seed": 0
  },
  "results": {
    "192_vineyard": {
      "n_samples": 52,
      "n_features": 2,
      "split_boost_rmse": 2.3940507269875555,
      "lightgbm_rmse": 2.394869161744873,
      "xgboost_rmse": 3.031196594024718,
      "split_boost_time": 0.26054835319519043,
      "lightgbm_time": 0.19324445724487305,
      "xgboost_time": 0.23958325386047363,
      "split_boost_vs_xgb_ratio": 0.7898038456848547,
      "n_rounds_hybrid": 16
    },
    "210_cloud": {
      "n_samples": 108,
      "n_features": 5,
      "split_boost_rmse": 0.7460522918663641,
      "lightgbm_rmse": 0.7733878259954807,
      "xgboost_rmse": 0.6548276624528223,
      "split_boost_time": 0.7073628902435303,
      "lightgbm_time": 0.17998838424682617,
      "xgboost_time": 0.13982248306274414,
      "split_boost_vs_xgb_ratio": 1.1393108975754582,
      "n_rounds_hybrid": 36
    },
    "523_analcatdata_neavote": {
      "n_samples": 100,
      "n_features": 2,
      "split_boost_rmse": 0.7084122911170984,
      "lightgbm_rmse": 0.7221038321376677,
      "xgboost_rmse": 0.7684598681048703,
      "split_boost_time": 0.09032821655273438,
      "lightgbm_time": 0.1717238426208496,
      "xgboost_time": 0.08507013320922852,
      "split_boost_vs_xgb_ratio": 0.9218598400774556,
      "n_rounds_hybrid": 44
    },
    "557_analcatdata_apnea1": {
      "n_samples": 475,
      "n_features": 3,
      "split_boost_rmse": 1284.99216214558,
      "lightgbm_rmse": 1375.5551002754123,
      "xgboost_rmse": 1137.8163504544639,
      "split_boost_time": 5.224114179611206,
      "lightgbm_time": 0.21686720848083496,
      "xgboost_time": 0.15639853477478027,
      "split_boost_vs_xgb_ratio": 1.1293493555724803,
      "n_rounds_hybrid": 139
    },
    "529_pollen": {
      "n_samples": 3848,
      "n_features": 4,
      "split_boost_rmse": 1.5611274334231091,
      "lightgbm_rmse": 1.5999685126600913,
      "xgboost_rmse": 1.611287235328607,
      "split_boost_time": 7.326744318008423,
      "lightgbm_time": 0.28861570358276367,
      "xgboost_time": 0.20184636116027832,
      "split_boost_vs_xgb_ratio": 0.9688697329652287,
      "n_rounds_hybrid": 81
    },
    "562_cpu_small": {
      "n_samples": 8192,
      "n_features": 12,
      "split_boost_rmse": 2.775039514999128,
      "lightgbm_rmse": 3.0736450852978483,
      "xgboost_rmse": 3.087876827954788,
      "split_boost_time": 5.267874240875244,
      "lightgbm_time": 0.3242025375366211,
      "xgboost_time": 0.2145218849182129,
      "split_boost_vs_xgb_ratio": 0.8986885389587047,
      "n_rounds_hybrid": 41
    },
    "564_fried": {
      "n_samples": 40768,
      "n_features": 10,
      "split_boost_rmse": 1.0703692270020801,
      "lightgbm_rmse": 1.0717048196919992,
      "xgboost_rmse": 1.0767128856148442,
      "split_boost_time": 36.1348397731781,
      "lightgbm_time": 0.46004509925842285,
      "xgboost_time": 0.3116910457611084,
      "split_boost_vs_xgb_ratio": 0.9941083099333936,
      "n_rounds_hybrid": 176
    }
  }
}